Date,Price,diff_1
2014-01-01,2.365,
2014-01-02,2.335,-0.03000000000000025
2014-01-03,2.335,0.0
2014-01-06,2.365,0.03000000000000025
2014-01-07,2.3515,-0.013500000000000068
2014-01-08,2.3575,0.005999999999999783
2014-01-09,2.395,0.03750000000000009
2014-01-10,2.3788,-0.016199999999999992
2014-01-13,2.3887,0.00990000000000002
2014-01-14,2.3388,-0.049900000000000055
2014-01-15,2.4,0.06119999999999992
2014-01-16,2.385,-0.015000000000000124
2014-01-17,2.385,0.0
2014-01-20,2.4,0.015000000000000124
2014-01-21,2.4075,0.007500000000000284
2014-01-22,2.405,-0.002500000000000391
2014-01-23,2.4075,0.002500000000000391
2014-01-24,2.43,0.022499999999999964
2014-01-27,2.46,0.029999999999999805
2014-01-28,2.385,-0.07500000000000018
2014-01-29,2.385,0.0
2014-01-30,2.36,-0.02499999999999991
2014-01-31,2.38,0.020000000000000018
2014-02-03,2.465,0.08499999999999996
2014-02-04,2.475,0.010000000000000231
2014-02-05,2.4175,-0.05750000000000011
2014-02-06,2.4125,-0.004999999999999893
2014-02-07,2.41,-0.0024999999999999467
2014-02-10,2.52,0.10999999999999988
2014-02-11,2.52,0.0
2014-02-12,2.52,0.0
2014-02-13,2.5475,0.027499999999999858
2014-02-14,2.55,0.0024999999999999467
2014-02-17,2.5,-0.04999999999999982
2014-02-18,2.52,0.020000000000000018
2014-02-19,2.495,-0.02499999999999991
2014-02-20,2.53,0.0349999999999997
2014-02-21,2.52,-0.009999999999999787
2014-02-24,2.54,0.020000000000000018
2014-02-25,2.505,-0.03500000000000014
2014-02-26,2.5062,0.001200000000000312
2014-02-27,2.57,0.06379999999999963
2014-02-28,2.58,0.010000000000000231
2014-03-03,2.56,-0.020000000000000018
2014-03-04,2.565,0.004999999999999893
2014-03-05,2.5513,-0.013700000000000045
2014-03-06,2.545,-0.006299999999999972
2014-03-07,2.5332,-0.011800000000000033
2014-03-10,2.545,0.011800000000000033
2014-03-11,2.552,0.007000000000000117
2014-03-12,2.555,0.0030000000000001137
2014-03-13,2.56,0.004999999999999893
2014-03-14,2.552,-0.008000000000000007
2014-03-17,2.575,0.02300000000000013
2014-03-18,2.58,0.004999999999999893
2014-03-19,2.615,0.03500000000000014
2014-03-20,2.6225,0.00749999999999984
2014-03-21,2.6325,0.009999999999999787
2014-03-24,2.6442,0.011700000000000266
2014-03-25,2.6725,0.02829999999999977
2014-03-26,2.6562,-0.01629999999999976
2014-03-27,2.6724,0.016199999999999992
2014-03-28,2.6925,0.020099999999999785
2014-03-31,2.6913,-0.0011999999999998678
2014-04-01,2.685,-0.006299999999999972
2014-04-02,2.7,0.015000000000000124
2014-04-03,2.71,0.009999999999999787
2014-04-04,2.6963,-0.013700000000000045
2014-04-07,2.715,0.01869999999999994
2014-04-08,2.72,0.0050000000000003375
2014-04-09,2.775,0.054999999999999716
2014-04-10,2.77,-0.004999999999999893
2014-04-11,2.775,0.004999999999999893
2014-04-14,2.785,0.010000000000000231
2014-04-15,2.765,-0.020000000000000018
2014-04-16,2.7825,0.01750000000000007
2014-04-17,2.7625,-0.020000000000000018
2014-04-18,2.7625,0.0
2014-04-21,2.77,0.00749999999999984
2014-04-22,2.79,0.020000000000000018
2014-04-23,2.795,0.004999999999999893
2014-04-24,2.8,0.004999999999999893
2014-04-25,2.83,0.03000000000000025
2014-04-28,2.81,-0.020000000000000018
2014-04-29,2.82,0.009999999999999787
2014-04-30,2.83,0.010000000000000231
2014-05-01,2.83,0.0
2014-05-02,2.83,0.0
2014-05-05,2.835,0.004999999999999893
2014-05-06,2.86,0.02499999999999991
2014-05-07,2.84,-0.020000000000000018
2014-05-08,2.885,0.04499999999999993
2014-05-09,2.9,0.015000000000000124
2014-05-12,2.875,-0.02499999999999991
2014-05-13,2.915,0.040000000000000036
2014-05-14,2.88,-0.03500000000000014
2014-05-15,2.915,0.03500000000000014
2014-05-16,2.955,0.040000000000000036
2014-05-19,2.955,0.0
2014-05-20,2.955,0.0
2014-05-21,2.9555,0.0004999999999997229
2014-05-22,2.9555,0.0
2014-05-23,2.9555,0.0
2014-05-26,2.9555,0.0
2014-05-27,3.01,0.05449999999999999
2014-05-28,3.005,-0.004999999999999893
2014-05-29,3.07,0.06499999999999995
2014-05-30,3.0448,-0.02519999999999989
2014-06-02,2.955,-0.08979999999999988
2014-06-03,3.0380000000000003,0.08300000000000018
2014-06-04,3.0448,0.006799999999999695
2014-06-05,2.955,-0.08979999999999988
2014-06-06,3.035,0.08000000000000007
2014-06-09,3.09,0.054999999999999716
2014-06-10,3.085,-0.004999999999999893
2014-06-11,3.105,0.020000000000000018
2014-06-12,3.115,0.010000000000000231
2014-06-13,3.11,-0.0050000000000003375
2014-06-16,3.115,0.0050000000000003375
2014-06-17,3.175,0.05999999999999961
2014-06-18,3.085,-0.08999999999999986
2014-06-19,3.085,0.0
2014-06-20,3.19,0.10499999999999998
2014-06-23,3.335,0.14500000000000002
2014-06-24,3.085,-0.25
2014-06-25,3.215,0.1299999999999999
2014-06-26,3.205,-0.009999999999999787
2014-06-27,3.32,0.11499999999999977
2014-06-30,3.33,0.010000000000000231
2014-07-01,3.39,0.06000000000000005
2014-07-02,3.285,-0.10499999999999998
2014-07-03,3.295,0.009999999999999787
2014-07-04,3.39,0.0950000000000002
2014-07-07,3.2175,-0.17250000000000032
2014-07-08,3.41,0.19250000000000034
2014-07-09,3.35,-0.06000000000000005
2014-07-10,3.315,-0.03500000000000014
2014-07-11,3.375,0.06000000000000005
2014-07-14,3.2375,-0.13750000000000018
2014-07-15,3.44,0.20250000000000012
2014-07-16,3.3760000000000003,-0.06399999999999961
2014-07-17,3.407,0.030999999999999694
2014-07-18,3.49,0.08300000000000018
2014-07-21,3.41,-0.08000000000000007
2014-07-22,3.55,0.13999999999999968
2014-07-23,3.41,-0.13999999999999968
2014-07-24,3.455,0.04499999999999993
2014-07-25,3.66,0.20500000000000007
2014-07-28,3.615,-0.04499999999999993
2014-07-29,3.45,-0.16500000000000004
2014-07-30,3.455,0.004999999999999893
2014-07-31,3.465,0.009999999999999787
2014-08-01,3.365,-0.09999999999999964
2014-08-04,3.45,0.08499999999999996
2014-08-05,3.397,-0.05300000000000038
2014-08-06,3.515,0.11800000000000033
2014-08-07,3.555,0.040000000000000036
2014-08-08,3.445,-0.11000000000000032
2014-08-11,3.81,0.3650000000000002
2014-08-12,3.81,0.0
2014-08-13,3.725,-0.08499999999999996
2014-08-14,3.765,0.040000000000000036
2014-08-15,3.615,-0.1499999999999999
2014-08-18,3.875,0.2599999999999998
2014-08-19,3.89,0.015000000000000124
2014-08-20,3.9,0.009999999999999787
2014-08-21,3.8175,-0.08250000000000002
2014-08-22,3.745,-0.07249999999999979
2014-08-25,3.745,0.0
2014-08-26,3.805,0.06000000000000005
2014-08-27,3.755,-0.050000000000000266
2014-08-28,3.805,0.050000000000000266
2014-08-29,3.775,-0.03000000000000025
2014-09-01,3.755,-0.020000000000000018
2014-09-02,3.765,0.010000000000000231
2014-09-03,3.775,0.009999999999999787
2014-09-04,3.725,-0.04999999999999982
2014-09-05,3.735,0.009999999999999787
2014-09-08,3.685,-0.04999999999999982
2014-09-09,3.625,-0.06000000000000005
2014-09-10,3.625,0.0
2014-09-11,3.615,-0.009999999999999787
2014-09-12,3.625,0.009999999999999787
2014-09-15,3.55,-0.07500000000000018
2014-09-16,3.595,0.04500000000000037
2014-09-17,3.625,0.029999999999999805
2014-09-18,3.5225,-0.10250000000000004
2014-09-19,3.3125,-0.20999999999999996
2014-09-22,3.3,-0.012500000000000178
2014-09-23,3.405,0.10499999999999998
2014-09-24,3.3,-0.10499999999999998
2014-09-25,3.25,-0.04999999999999982
2014-09-26,3.235,-0.015000000000000124
2014-09-29,3.3013,0.06630000000000003
2014-09-30,3.29,-0.011299999999999866
2014-10-01,3.25,-0.040000000000000036
2014-10-02,3.215,-0.03500000000000014
2014-10-03,3.21,-0.004999999999999893
2014-10-06,3.22,0.010000000000000231
2014-10-07,3.2112,-0.008800000000000363
2014-10-08,3.195,-0.016199999999999992
2014-10-09,3.195,0.0
2014-10-10,3.195,0.0
2014-10-13,3.195,0.0
2014-10-14,3.2,0.0050000000000003375
2014-10-15,3.205,0.004999999999999893
2014-10-16,3.205,0.0
2014-10-17,3.21,0.004999999999999893
2014-10-20,3.205,-0.004999999999999893
2014-10-21,3.195,-0.010000000000000231
2014-10-22,3.2175,0.022499999999999964
2014-10-23,3.2175,0.0
2014-10-24,3.2175,0.0
2014-10-27,3.2175,0.0
2014-10-28,3.205,-0.012499999999999734
2014-10-29,3.225,0.020000000000000018
2014-10-30,3.225,0.0
2014-10-31,3.225,0.0
2014-11-03,3.2265,0.0015000000000000568
2014-11-04,3.225,-0.0015000000000000568
2014-11-05,3.225,0.0
2014-11-06,3.225,0.0
2014-11-07,3.2188,-0.006200000000000205
2014-11-10,3.2225,0.0037000000000002586
2014-11-11,3.215,-0.007500000000000284
2014-11-12,3.225,0.010000000000000231
2014-11-13,3.2163,-0.008700000000000152
2014-11-14,3.2175,0.0011999999999998678
2014-11-17,3.2175,0.0
2014-11-18,3.195,-0.022499999999999964
2014-11-19,3.19,-0.004999999999999893
2014-11-20,3.19,0.0
2014-11-21,3.19,0.0
2014-11-24,3.195,0.004999999999999893
2014-11-25,3.195,0.0
2014-11-26,3.2,0.0050000000000003375
2014-11-27,3.19,-0.010000000000000231
2014-11-28,3.205,0.015000000000000124
2014-12-01,3.2,-0.004999999999999893
2014-12-02,3.205,0.004999999999999893
2014-12-03,3.2,-0.004999999999999893
2014-12-04,3.2175,0.017499999999999627
2014-12-05,3.215,-0.0024999999999999467
2014-12-08,3.22,0.0050000000000003375
2014-12-09,3.2175,-0.002500000000000391
2014-12-10,3.2175,0.0
2014-12-11,3.2175,0.0
2014-12-12,3.2175,0.0
2014-12-15,3.2175,0.0
2014-12-16,3.22,0.002500000000000391
2014-12-17,3.2175,-0.002500000000000391
2014-12-18,3.2175,0.0
2014-12-19,3.2058,-0.011699999999999822
2014-12-22,3.215,0.009199999999999875
2014-12-23,3.215,0.0
2014-12-24,3.215,0.0
2014-12-25,3.19,-0.02499999999999991
2014-12-26,3.19,0.0
2014-12-29,3.2175,0.027499999999999858
2014-12-30,3.215,-0.0024999999999999467
2014-12-31,3.185,-0.029999999999999805
2015-01-01,3.19,0.004999999999999893
2015-01-02,3.2165,0.026499999999999968
2015-01-05,3.2175,0.0009999999999998899
2015-01-06,3.22,0.002500000000000391
2015-01-07,3.225,0.004999999999999893
2015-01-08,3.235,0.009999999999999787
2015-01-09,3.2425,0.007500000000000284
2015-01-12,3.29,0.047499999999999876
2015-01-13,3.235,-0.05500000000000016
2015-01-14,3.285,0.050000000000000266
2015-01-15,3.25,-0.03500000000000014
2015-01-16,3.27,0.020000000000000018
2015-01-19,3.26,-0.010000000000000231
2015-01-20,3.3110000000000004,0.0510000000000006
2015-01-21,3.27,-0.04100000000000037
2015-01-22,3.3,0.029999999999999805
2015-01-23,3.275,-0.02499999999999991
2015-01-26,3.285,0.010000000000000231
2015-01-27,3.285,0.0
2015-01-28,3.285,0.0
2015-01-29,3.305,0.020000000000000018
2015-01-30,3.33,0.02499999999999991
2015-02-02,3.37,0.040000000000000036
2015-02-03,3.355,-0.015000000000000124
2015-02-04,3.365,0.010000000000000231
2015-02-05,3.38,0.01499999999999968
2015-02-06,3.38,0.0
2015-02-09,3.38,0.0
2015-02-10,3.33,-0.04999999999999982
2015-02-11,3.38,0.04999999999999982
2015-02-12,3.41,0.03000000000000025
2015-02-13,3.41,0.0
2015-02-16,3.41,0.0
2015-02-17,3.41,0.0
2015-02-18,3.41,0.0
2015-02-19,3.465,0.054999999999999716
2015-02-20,3.48,0.015000000000000124
2015-02-23,3.485,0.004999999999999893
2015-02-24,3.485,0.0
2015-02-25,3.465,-0.020000000000000018
2015-02-26,3.485,0.020000000000000018
2015-02-27,3.5,0.015000000000000124
2015-03-02,3.5,0.0
2015-03-03,3.5,0.0
2015-03-04,3.515,0.015000000000000124
2015-03-05,3.515,0.0
2015-03-06,3.55,0.0349999999999997
2015-03-09,3.545,-0.004999999999999893
2015-03-10,3.555,0.010000000000000231
2015-03-11,3.565,0.009999999999999787
2015-03-12,3.6,0.03500000000000014
2015-03-13,3.61,0.009999999999999787
2015-03-16,3.62,0.010000000000000231
2015-03-17,3.67,0.04999999999999982
2015-03-18,3.5825,-0.08749999999999991
2015-03-19,3.63,0.047499999999999876
2015-03-20,3.75,0.1200000000000001
2015-03-23,3.75,0.0
2015-03-24,3.8,0.04999999999999982
2015-03-25,3.8,0.0
2015-03-26,3.8,0.0
2015-03-27,3.8,0.0
2015-03-30,3.83,0.03000000000000025
2015-03-31,3.83,0.0
2015-04-01,3.83,0.0
2015-04-02,3.835,0.004999999999999893
2015-04-03,3.835,0.0
2015-04-06,3.835,0.0
2015-04-07,3.83,-0.004999999999999893
2015-04-08,3.82,-0.010000000000000231
2015-04-09,3.82,0.0
2015-04-10,3.825,0.0050000000000003375
2015-04-13,3.825,0.0
2015-04-14,3.835,0.009999999999999787
2015-04-15,3.845,0.010000000000000231
2015-04-16,3.845,0.0
2015-04-17,3.8369999999999997,-0.008000000000000451
2015-04-20,3.845,0.008000000000000451
2015-04-21,3.845,0.0
2015-04-22,3.845,0.0
2015-04-23,3.85,0.004999999999999893
2015-04-24,3.85,0.0
2015-04-27,3.85,0.0
2015-04-28,3.85,0.0
2015-04-29,3.85,0.0
2015-04-30,3.85,0.0
2015-05-01,3.85,0.0
2015-05-04,3.855,0.004999999999999893
2015-05-05,3.873,0.018000000000000238
2015-05-06,3.865,-0.008000000000000007
2015-05-07,3.865,0.0
2015-05-08,3.885,0.019999999999999574
2015-05-11,3.8875,0.002500000000000391
2015-05-12,3.9160000000000004,0.028500000000000192
2015-05-13,3.955,0.0389999999999997
2015-05-14,3.955,0.0
2015-05-15,3.955,0.0
2015-05-18,4.005,0.04999999999999982
2015-05-19,4.02,0.01499999999999968
2015-05-20,4.02,0.0
2015-05-21,4.03,0.010000000000000675
2015-05-22,4.01,-0.020000000000000462
2015-05-25,4.05,0.040000000000000036
2015-05-26,4.05,0.0
2015-05-27,4.07,0.020000000000000462
2015-05-28,4.07,0.0
2015-05-29,4.07,0.0
2015-06-01,4.09,0.019999999999999574
2015-06-02,4.12,0.03000000000000025
2015-06-03,4.125,0.004999999999999893
2015-06-04,4.175,0.04999999999999982
2015-06-05,4.13,-0.04499999999999993
2015-06-08,4.225,0.09499999999999975
2015-06-09,4.245,0.020000000000000462
2015-06-10,4.265,0.019999999999999574
2015-06-11,4.32,0.055000000000000604
2015-06-12,4.34,0.019999999999999574
2015-06-15,4.35,0.009999999999999787
2015-06-16,4.36,0.010000000000000675
2015-06-17,4.29,-0.07000000000000028
2015-06-18,4.38,0.08999999999999986
2015-06-19,4.4,0.020000000000000462
2015-06-22,4.4054,0.005399999999999849
2015-06-23,4.3902,-0.015200000000000102
2015-06-24,4.415,0.024799999999999933
2015-06-25,4.405,-0.009999999999999787
2015-06-26,4.405,0.0
2015-06-29,4.3863,-0.01869999999999994
2015-06-30,4.3602,-0.026100000000000456
2015-07-01,4.35,-0.010200000000000209
2015-07-02,4.25,-0.09999999999999964
2015-07-03,4.12,-0.1299999999999999
2015-07-06,3.97,-0.1499999999999999
2015-07-07,3.9504,-0.019600000000000062
2015-07-08,3.75,-0.20040000000000013
2015-07-09,3.5502,-0.1998000000000002
2015-07-10,3.55,-0.00019999999999997797
2015-07-13,3.46,-0.08999999999999986
2015-07-14,3.5,0.040000000000000036
2015-07-15,3.45,-0.04999999999999982
2015-07-16,3.35,-0.10000000000000009
2015-07-17,3.3453,-0.0047000000000001485
2015-07-20,3.3,-0.04530000000000012
2015-07-21,3.2901,-0.00990000000000002
2015-07-22,3.35,0.059900000000000286
2015-07-23,3.35,0.0
2015-07-24,3.4,0.04999999999999982
2015-07-27,3.5902,0.19019999999999992
2015-07-28,3.7452,0.15500000000000025
2015-07-29,3.7,-0.04519999999999991
2015-07-30,3.77,0.06999999999999984
2015-07-31,3.82,0.04999999999999982
2015-08-03,3.82,0.0
2015-08-04,3.8652,0.04520000000000035
2015-08-05,3.85,-0.015200000000000102
2015-08-06,3.87,0.020000000000000018
2015-08-07,3.905,0.0349999999999997
2015-08-10,3.9104,0.0054000000000002935
2015-08-11,4.01,0.09959999999999969
2015-08-12,3.9818,-0.028200000000000003
2015-08-13,4.09,0.10820000000000007
2015-08-14,4.155,0.06500000000000039
2015-08-17,4.11,-0.04499999999999993
2015-08-18,4.13,0.019999999999999574
2015-08-19,4.115,-0.01499999999999968
2015-08-20,4.2002,0.0851999999999995
2015-08-21,4.2025,0.0022999999999999687
2015-08-24,4.2252,0.022700000000000387
2015-08-25,4.32,0.09480000000000022
2015-08-26,4.3,-0.020000000000000462
2015-08-27,4.09,-0.20999999999999996
2015-08-28,4.03,-0.05999999999999961
2015-08-31,3.9,-0.13000000000000034
2015-09-01,3.83,-0.06999999999999984
2015-09-02,3.795,-0.03500000000000014
2015-09-03,3.82,0.02499999999999991
2015-09-04,3.8,-0.020000000000000018
2015-09-07,3.85,0.050000000000000266
2015-09-08,3.905,0.054999999999999716
2015-09-09,3.9,-0.004999999999999893
2015-09-10,3.855,-0.04499999999999993
2015-09-11,3.905,0.04999999999999982
2015-09-14,3.8712,-0.03379999999999983
2015-09-15,4.03,0.15880000000000027
2015-09-16,4.01,-0.020000000000000462
2015-09-17,3.93,-0.07999999999999963
2015-09-18,3.9,-0.03000000000000025
2015-09-21,3.9298,0.02980000000000027
2015-09-22,3.9052,-0.0246000000000004
2015-09-23,3.855,-0.0501999999999998
2015-09-24,3.855,0.0
2015-09-25,3.82,-0.03500000000000014
2015-09-28,3.785,-0.0349999999999997
2015-09-29,3.7733,-0.011700000000000266
2015-09-30,3.75,-0.023299999999999876
2015-10-01,3.7318,-0.018200000000000216
2015-10-02,3.73,-0.0017999999999998018
2015-10-05,3.705,-0.02499999999999991
2015-10-06,3.7659,0.06089999999999973
2015-10-07,3.7565,-0.009399999999999853
2015-10-08,3.7504,-0.006099999999999994
2015-10-09,3.76,0.009599999999999831
2015-10-12,3.8075,0.04750000000000032
2015-10-13,3.7548,-0.05270000000000019
2015-10-14,3.83,0.07520000000000016
2015-10-15,3.8296,-0.00039999999999995595
2015-10-16,3.84,0.010399999999999743
2015-10-19,3.905,0.06499999999999995
2015-10-20,3.9,-0.004999999999999893
2015-10-21,3.83,-0.06999999999999984
2015-10-22,3.82,-0.010000000000000231
2015-10-23,3.8048,-0.015199999999999658
2015-10-26,3.79,-0.014800000000000146
2015-10-27,3.815,0.02499999999999991
2015-10-28,3.8,-0.015000000000000124
2015-10-29,3.8,0.0
2015-10-30,3.775,-0.02499999999999991
2015-11-02,3.88,0.10499999999999998
2015-11-03,3.865,-0.01499999999999968
2015-11-04,3.8502,-0.014800000000000146
2015-11-05,3.8,-0.050200000000000244
2015-11-06,3.7812,-0.018799999999999706
2015-11-09,3.7812,0.0
2015-11-10,3.81,0.028799999999999937
2015-11-11,3.8175,0.00749999999999984
2015-11-12,3.815,-0.0024999999999999467
2015-11-13,3.82,0.004999999999999893
2015-11-16,3.82,0.0
2015-11-17,3.825,0.0050000000000003375
2015-11-18,3.7775,-0.04750000000000032
2015-11-19,3.7542,-0.023299999999999876
2015-11-20,3.8206,0.06640000000000024
2015-11-23,3.7927,-0.027900000000000258
2015-11-24,3.83,0.03730000000000011
2015-11-25,3.7257,-0.10430000000000028
2015-11-26,3.765,0.039300000000000335
2015-11-27,3.815,0.04999999999999982
2015-11-30,3.7738,-0.0411999999999999
2015-12-01,3.7776,0.0038000000000000256
2015-12-02,3.7726,-0.004999999999999893
2015-12-03,3.8,0.027399999999999647
2015-12-04,3.7579,-0.042100000000000026
2015-12-07,3.7738,0.015900000000000247
2015-12-08,3.81,0.03620000000000001
2015-12-09,3.7494,-0.06059999999999999
2015-12-10,3.7961,0.046699999999999964
2015-12-11,3.825,0.028900000000000148
2015-12-14,3.7962,-0.02880000000000038
2015-12-15,3.7359,-0.0602999999999998
2015-12-16,3.81,0.07410000000000005
2015-12-17,3.81,0.0
2015-12-18,3.7933,-0.01670000000000016
2015-12-21,3.7962,0.0028999999999999027
2015-12-22,3.82,0.023800000000000043
2015-12-23,3.8245,0.0045000000000001705
2015-12-24,3.81,-0.014499999999999957
2015-12-25,3.83,0.020000000000000018
2015-12-28,3.815,-0.015000000000000124
2015-12-29,3.81,-0.004999999999999893
2015-12-30,3.8083,-0.0017000000000000348
2015-12-31,3.81,0.0017000000000000348
2016-01-01,3.83,0.020000000000000018
2016-01-04,3.8083,-0.021700000000000053
2016-01-05,3.81,0.0017000000000000348
2016-01-06,3.82,0.009999999999999787
2016-01-07,3.815,-0.004999999999999893
2016-01-08,3.8283,0.01330000000000009
2016-01-11,3.8232,-0.0051000000000001044
2016-01-12,3.8297,0.00649999999999995
2016-01-13,3.8533,0.023600000000000065
2016-01-14,3.8554,0.0020999999999999908
2016-01-15,3.8297,-0.025700000000000056
2016-01-18,3.925,0.09529999999999994
2016-01-19,3.8733,-0.05169999999999986
2016-01-20,3.8446,-0.02870000000000017
2016-01-21,3.9315,0.08690000000000042
2016-01-22,3.8471,-0.08440000000000003
2016-01-25,3.97,0.12290000000000001
2016-01-26,3.9683,-0.0017000000000000348
2016-01-27,3.9832,0.014899999999999913
2016-01-28,3.9632,-0.020000000000000018
2016-01-29,3.9533,-0.00990000000000002
2016-02-01,3.99,0.03670000000000018
2016-02-02,3.9846,-0.0054000000000002935
2016-02-03,3.995,0.010400000000000187
2016-02-04,3.995,0.0
2016-02-05,3.8613,-0.13370000000000015
2016-02-08,3.9517,0.09040000000000026
2016-02-09,3.9538,0.0020999999999999908
2016-02-10,3.9274,-0.0264000000000002
2016-02-11,3.965,0.037599999999999856
2016-02-12,3.98,0.015000000000000124
2016-02-15,3.965,-0.015000000000000124
2016-02-16,3.9565,-0.00849999999999973
2016-02-17,3.9764,0.019899999999999807
2016-02-18,3.9782,0.0018000000000002458
2016-02-19,3.9764,-0.0018000000000002458
2016-02-22,3.9782,0.0018000000000002458
2016-02-23,3.9914,0.013199999999999878
2016-02-24,3.9365,-0.05489999999999995
2016-02-25,3.9233,-0.013200000000000323
2016-02-26,3.9158,-0.00749999999999984
2016-02-29,3.9289,0.013100000000000112
2016-03-01,3.935,0.006099999999999994
2016-03-02,3.925,-0.010000000000000231
2016-03-03,3.875,-0.04999999999999982
2016-03-04,3.8583,-0.01670000000000016
2016-03-07,3.8579,-0.00039999999999995595
2016-03-08,3.8633,0.0054000000000002935
2016-03-09,3.8392,-0.024100000000000232
2016-03-10,3.8616,0.022400000000000198
2016-03-11,3.8616,0.0
2016-03-14,3.8537,-0.00790000000000024
2016-03-15,3.865,0.01130000000000031
2016-03-16,3.8613,-0.0037000000000002586
2016-03-17,3.8558,-0.00550000000000006
2016-03-18,3.8466,-0.009199999999999875
2016-03-21,3.8349,-0.011699999999999822
2016-03-22,3.84,0.00509999999999966
2016-03-23,3.8611,0.02110000000000012
2016-03-24,3.8316,-0.02950000000000008
2016-03-25,3.845,0.0134000000000003
2016-03-28,3.8466,0.0015999999999998238
2016-03-29,3.8594,0.012799999999999923
2016-03-30,3.8466,-0.012799999999999923
2016-03-31,3.8283,-0.018299999999999983
2016-04-01,3.8560000000000003,0.02770000000000028
2016-04-04,3.835,-0.02100000000000035
2016-04-05,3.84,0.004999999999999893
2016-04-06,3.845,0.0050000000000003375
2016-04-07,3.845,0.0
2016-04-08,3.83,-0.015000000000000124
2016-04-11,3.825,-0.004999999999999893
2016-04-12,3.8183,-0.006700000000000372
2016-04-13,3.8543,0.03600000000000003
2016-04-14,3.8116,-0.04269999999999996
2016-04-15,3.8445,0.03290000000000015
2016-04-18,3.8233,-0.021199999999999886
2016-04-19,3.82,-0.0033000000000003027
2016-04-20,3.8283,0.008300000000000196
2016-04-21,3.835,0.006699999999999928
2016-04-22,3.8145,-0.020500000000000185
2016-04-25,3.825,0.010500000000000398
2016-04-26,3.8233,-0.0017000000000000348
2016-04-27,3.8233,0.0
2016-04-28,3.7883,-0.03500000000000014
2016-04-29,3.8085,0.020199999999999996
2016-05-02,3.8068,-0.0017000000000000348
2016-05-03,3.7916,-0.015200000000000102
2016-05-04,3.7916,0.0
2016-05-05,3.7849,-0.006699999999999928
2016-05-06,3.8291,0.04420000000000002
2016-05-09,3.82,-0.009100000000000108
2016-05-10,3.8024,-0.017599999999999838
2016-05-11,3.8166,0.014200000000000212
2016-05-12,3.81,-0.006600000000000161
2016-05-13,3.86,0.04999999999999982
2016-05-16,3.8683,0.008300000000000196
2016-05-17,3.8087,-0.0596000000000001
2016-05-18,3.84,0.031299999999999883
2016-05-19,3.82,-0.020000000000000018
2016-05-20,3.8682,0.04820000000000002
2016-05-23,3.8233,-0.04489999999999972
2016-05-24,3.8383,0.01499999999999968
2016-05-25,3.8316,-0.006699999999999928
2016-05-26,3.8735,0.04190000000000005
2016-05-27,3.835,-0.03849999999999998
2016-05-30,3.8845,0.0495000000000001
2016-05-31,3.8299,-0.054600000000000204
2016-06-01,3.8383,0.008399999999999963
2016-06-02,3.8383,0.0
2016-06-03,3.8349,-0.0033999999999996255
2016-06-06,3.8383,0.0033999999999996255
2016-06-07,3.865,0.02670000000000039
2016-06-08,3.8682,0.0031999999999996476
2016-06-09,3.8595,-0.008699999999999708
2016-06-10,3.87,0.010499999999999954
2016-06-13,3.8559,-0.014100000000000001
2016-06-14,3.8584,0.0024999999999999467
2016-06-15,3.8815,0.0230999999999999
2016-06-16,3.8982,0.01670000000000016
2016-06-17,3.8721,-0.026100000000000012
2016-06-20,3.91,0.037900000000000045
2016-06-21,3.9185,0.00849999999999973
2016-06-22,3.9082,-0.010299999999999976
2016-06-23,3.92,0.011800000000000033
2016-06-24,3.9032,-0.016799999999999926
2016-06-27,3.905,0.0017999999999998018
2016-06-28,3.8833,-0.02169999999999961
2016-06-29,3.9115,0.028200000000000003
2016-06-30,3.955,0.04349999999999987
2016-07-01,3.945,-0.010000000000000231
2016-07-04,3.95,0.0050000000000003375
2016-07-05,3.92,-0.03000000000000025
2016-07-06,3.9348,0.014800000000000146
2016-07-07,3.8966,-0.038200000000000234
2016-07-08,3.9197,0.023100000000000342
2016-07-11,3.9383,0.018599999999999728
2016-07-12,3.9415,0.0032000000000000917
2016-07-13,3.9247,-0.016799999999999926
2016-07-14,3.923,-0.0017000000000000348
2016-07-15,3.9383,0.01529999999999987
2016-07-18,3.9215,-0.016799999999999926
2016-07-19,3.955,0.033500000000000085
2016-07-20,3.918,-0.03699999999999992
2016-07-21,3.9145,-0.0035000000000002807
2016-07-22,3.9432,0.02870000000000017
2016-07-25,3.9215,-0.021700000000000053
2016-07-26,3.8999,-0.02159999999999984
2016-07-27,3.935,0.03509999999999991
2016-07-28,3.8965,-0.03849999999999998
2016-07-29,3.8965,0.0
2016-08-01,3.9465,0.04999999999999982
2016-08-02,3.9432,-0.0032999999999998586
2016-08-03,3.94,-0.0032000000000000917
2016-08-04,3.94,0.0
2016-08-05,3.9575,0.01750000000000007
2016-08-08,3.945,-0.012500000000000178
2016-08-09,3.9383,-0.006699999999999928
2016-08-10,3.9383,0.0
2016-08-11,3.9398,0.0015000000000000568
2016-08-12,3.94,0.00019999999999997797
2016-08-15,3.9365,-0.0034999999999998366
2016-08-16,3.96,0.023499999999999854
2016-08-17,3.9315,-0.028499999999999748
2016-08-18,3.9297,-0.0018000000000002458
2016-08-19,3.9515,0.02179999999999982
2016-08-22,3.9515,0.0
2016-08-23,3.8966,-0.05489999999999995
2016-08-24,3.8619,-0.03469999999999995
2016-08-25,3.9348,0.07290000000000019
2016-08-26,3.9486,0.013799999999999812
2016-08-29,3.9301,-0.01849999999999996
2016-08-30,3.9559,0.025800000000000267
2016-08-31,3.9659,0.009999999999999787
2016-09-01,3.9648,-0.001100000000000101
2016-09-02,3.9365,-0.02829999999999977
2016-09-05,3.945,0.00849999999999973
2016-09-06,3.9376,-0.007399999999999629
2016-09-07,3.9368,-0.000800000000000356
2016-09-08,3.9351,-0.0017000000000000348
2016-09-09,3.9368,0.0017000000000000348
2016-09-12,3.9465,0.009700000000000042
2016-09-13,3.9447,-0.0017999999999998018
2016-09-14,3.9434,-0.0013000000000000789
2016-09-15,3.9399,-0.0034999999999998366
2016-09-16,3.9382,-0.0017000000000000348
2016-09-19,3.9382,0.0
2016-09-20,3.9365,-0.0017000000000000348
2016-09-21,3.9348,-0.0017000000000000348
2016-09-22,3.9314,-0.0034000000000000696
2016-09-23,3.995,0.0636000000000001
2016-09-26,3.9314,-0.0636000000000001
2016-09-27,3.9614,0.029999999999999805
2016-09-28,3.96,-0.0013999999999998458
2016-09-29,3.9615,0.0015000000000000568
2016-09-30,3.9601,-0.0013999999999998458
2016-10-03,3.965,0.004899999999999682
2016-10-04,3.9619,-0.0030999999999998806
2016-10-05,3.9704,0.008500000000000174
2016-10-06,3.9651,-0.005300000000000082
2016-10-07,3.9704,0.005300000000000082
2016-10-10,3.9729,0.0024999999999999467
2016-10-11,3.9632,-0.009700000000000042
2016-10-12,3.9615,-0.0017000000000000348
2016-10-13,3.9597,-0.0017999999999998018
2016-10-14,3.958,-0.0017000000000000348
2016-10-17,3.98,0.021999999999999797
2016-10-18,3.9585,-0.021500000000000075
2016-10-19,3.9605,0.002000000000000224
2016-10-20,3.9831,0.02259999999999973
2016-10-21,3.9813,-0.0017999999999998018
2016-10-24,3.9779,-0.0034000000000000696
2016-10-25,3.9779,0.0
2016-10-26,3.9689,-0.008999999999999897
2016-10-27,3.97,0.001100000000000101
2016-10-28,3.9759,0.005900000000000016
2016-10-31,3.98,0.0040999999999997705
2016-11-01,3.9671,-0.012900000000000134
2016-11-02,3.9653,-0.0017999999999998018
2016-11-03,3.9671,0.0017999999999998018
2016-11-04,3.965,-0.0020999999999999908
2016-11-07,3.9664,0.00140000000000029
2016-11-08,3.9772,0.010799999999999699
2016-11-09,3.9736,-0.0036000000000000476
2016-11-10,3.9730000000000003,-0.0005999999999994898
2016-11-11,4.0005,0.027499999999999414
2016-11-14,3.9708,-0.029699999999999616
2016-11-15,3.9673,-0.0035000000000002807
2016-11-16,3.9832,0.015900000000000247
2016-11-17,3.9784,-0.0047999999999999154
2016-11-18,3.9731,-0.005300000000000082
2016-11-21,3.99,0.016900000000000137
2016-11-22,4.0357,0.045700000000000074
2016-11-23,3.99,-0.045700000000000074
2016-11-24,4.095,0.10499999999999954
2016-11-25,4.145,0.04999999999999982
2016-11-28,4.2193,0.07430000000000003
2016-11-29,4.263,0.043700000000000294
2016-11-30,4.2805,0.01750000000000007
2016-12-01,4.28,-0.0004999999999997229
2016-12-02,4.2,-0.08000000000000007
2016-12-05,4.3037,0.1036999999999999
2016-12-06,4.315,0.01130000000000031
2016-12-07,4.3037,-0.01130000000000031
2016-12-08,4.3037,0.0
2016-12-09,4.3037,0.0
2016-12-12,4.18,-0.12370000000000037
2016-12-13,4.13,-0.04999999999999982
2016-12-14,4.115,-0.01499999999999968
2016-12-15,4.3037,0.18869999999999987
2016-12-16,4.3037,0.0
2016-12-19,4.3037,0.0
2016-12-20,4.13,-0.1737000000000002
2016-12-21,4.235,0.10500000000000043
2016-12-22,4.3037,0.06869999999999976
2016-12-23,4.325,0.021300000000000097
2016-12-26,4.3037,-0.021300000000000097
2016-12-27,4.3037,0.0
2016-12-28,4.3037,0.0
2016-12-29,4.3037,0.0
2016-12-30,4.3037,0.0
2017-01-02,4.3037,0.0
2017-01-03,4.3037,0.0
2017-01-04,4.2681,-0.03560000000000052
2017-01-05,4.2795,0.011400000000000077
2017-01-06,4.255,-0.024499999999999744
2017-01-09,4.3012,0.0461999999999998
2017-01-10,4.2974,-0.0038000000000000256
2017-01-11,4.2212,-0.07620000000000005
2017-01-12,4.255,0.033800000000000274
2017-01-13,4.255,0.0
2017-01-16,4.27,0.01499999999999968
2017-01-17,4.2974,0.02740000000000009
2017-01-18,4.2917,-0.005700000000000038
2017-01-19,4.3,0.008300000000000196
2017-01-20,4.35,0.04999999999999982
2017-01-23,4.2988,-0.05119999999999969
2017-01-24,4.2862,-0.012599999999999945
2017-01-25,4.292,0.005799999999999805
2017-01-26,4.292,0.0
2017-01-27,4.355,0.06300000000000061
2017-01-30,4.3433,-0.011700000000000266
2017-01-31,4.3615,0.018200000000000216
2017-02-01,4.36,-0.0015000000000000568
2017-02-02,4.385,0.024999999999999467
2017-02-03,4.39,0.004999999999999893
2017-02-06,4.3789,-0.011099999999999888
2017-02-07,4.375,-0.0038999999999997925
2017-02-08,4.456,0.0810000000000004
2017-02-09,4.465,0.008999999999999453
2017-02-10,4.456,-0.008999999999999453
2017-02-13,4.4162,-0.0398000000000005
2017-02-14,4.4122,-0.0039999999999995595
2017-02-15,4.426,0.013799999999999812
2017-02-16,4.465,0.0389999999999997
2017-02-17,4.545,0.08000000000000007
2017-02-20,4.54,-0.004999999999999893
2017-02-21,4.524,-0.016000000000000014
2017-02-22,4.5557,0.03169999999999984
2017-02-23,4.5557,0.0
2017-02-24,4.575,0.019300000000000317
2017-02-27,4.62,0.04499999999999993
2017-02-28,4.7,0.08000000000000007
2017-03-01,4.725,0.024999999999999467
2017-03-02,4.745,0.020000000000000462
2017-03-03,4.725,-0.020000000000000462
2017-03-06,4.7179,-0.00709999999999944
2017-03-07,4.6632,-0.054700000000000415
2017-03-08,4.657,-0.006199999999999761
2017-03-09,4.6529,-0.004100000000000215
2017-03-10,4.6468,-0.006099999999999994
2017-03-13,4.6,-0.046800000000000175
2017-03-14,4.59,-0.009999999999999787
2017-03-15,4.5355,-0.05449999999999999
2017-03-16,4.5438,0.008300000000000196
2017-03-17,4.525,-0.018799999999999706
2017-03-20,4.4910000000000005,-0.03399999999999981
2017-03-21,4.485,-0.006000000000000227
2017-03-22,4.471,-0.014000000000000234
2017-03-23,4.3642,-0.10679999999999978
2017-03-24,4.35,-0.014200000000000657
2017-03-27,4.3631,0.013100000000000556
2017-03-28,4.3591,-0.004000000000000448
2017-03-29,4.3498,-0.009299999999999642
2017-03-30,4.338,-0.011800000000000033
2017-03-31,4.3361,-0.0019000000000000128
2017-04-03,4.3261,-0.009999999999999787
2017-04-04,4.2741,-0.05200000000000049
2017-04-05,4.35,0.07589999999999986
2017-04-06,4.1943,-0.1556999999999995
2017-04-07,4.195,0.000700000000000145
2017-04-10,4.2362,0.0411999999999999
2017-04-11,4.2481,0.0118999999999998
2017-04-12,4.2381,-0.009999999999999787
2017-04-13,4.2264,-0.011700000000000266
2017-04-14,4.215,-0.011400000000000077
2017-04-17,4.2226,0.007600000000000051
2017-04-18,4.2207,-0.0019000000000000128
2017-04-19,4.1925,-0.028200000000000003
2017-04-20,4.1181,-0.0743999999999998
2017-04-21,4.155,0.036900000000000155
2017-04-24,4.149,-0.006000000000000227
2017-04-25,4.2,0.051000000000000156
2017-04-26,4.22,0.019999999999999574
2017-04-27,4.215,-0.004999999999999893
2017-04-28,4.2188,0.0038000000000000256
2017-05-01,4.225,0.006199999999999761
2017-05-02,4.2,-0.024999999999999467
2017-05-03,4.1981,-0.0019000000000000128
2017-05-04,4.205,0.006899999999999906
2017-05-05,4.23,0.025000000000000355
2017-05-08,4.2014,-0.028600000000000847
2017-05-09,4.2001,-0.0012999999999996348
2017-05-10,4.245,0.04490000000000016
2017-05-11,4.23,-0.01499999999999968
2017-05-12,4.255,0.024999999999999467
2017-05-15,4.3125,0.05750000000000011
2017-05-16,4.2001,-0.11240000000000006
2017-05-17,4.345,0.1448999999999998
2017-05-18,4.3518,0.006800000000000139
2017-05-19,4.3655,0.013700000000000045
2017-05-22,4.3655,0.0
2017-05-23,4.3617,-0.0038000000000000256
2017-05-24,4.3597,-0.0019999999999997797
2017-05-25,4.3561,-0.0036000000000004917
2017-05-26,4.3,-0.05609999999999982
2017-05-29,4.28,-0.019999999999999574
2017-05-30,4.3011,0.021099999999999675
2017-05-31,4.3269,0.025800000000000267
2017-06-01,4.3171,-0.009800000000000253
2017-06-02,4.3164,-0.000700000000000145
2017-06-05,4.3205,0.004100000000000215
2017-06-06,4.345,0.024499999999999744
2017-06-07,4.3701,0.025100000000000122
2017-06-08,4.3735,0.0034000000000000696
2017-06-09,4.385,0.011499999999999844
2017-06-12,4.396,0.01100000000000012
2017-06-13,4.3854,-0.010600000000000165
2017-06-14,4.3919999999999995,0.006599999999999717
2017-06-15,4.3919999999999995,0.0
2017-06-16,4.388,-0.0039999999999995595
2017-06-19,4.3998,0.011800000000000033
2017-06-20,4.3959,-0.0038999999999997925
2017-06-21,4.43,0.034099999999999575
2017-06-22,4.394,-0.03599999999999959
2017-06-23,4.39,-0.004000000000000448
2017-06-26,4.3861,-0.0038999999999997925
2017-06-27,4.3857,-0.00039999999999995595
2017-06-28,4.436,0.05030000000000001
2017-06-29,4.4284,-0.007600000000000051
2017-06-30,4.399,-0.02939999999999987
2017-07-03,4.3575,-0.04150000000000009
2017-07-04,4.355,-0.0024999999999995026
2017-07-05,4.3982,0.04319999999999968
2017-07-06,4.3844,-0.013799999999999812
2017-07-07,4.3805,-0.0039000000000006807
2017-07-10,4.379,-0.0015000000000000568
2017-07-11,4.3886,0.009600000000000719
2017-07-12,4.386,-0.0026000000000001577
2017-07-13,4.4025,0.016499999999999737
2017-07-14,4.3826,-0.019899999999999807
2017-07-17,4.398,0.015399999999999636
2017-07-18,4.3805,-0.01750000000000007
2017-07-19,4.406000000000001,0.025500000000000966
2017-07-20,4.416,0.009999999999999787
2017-07-21,4.425,0.008999999999999453
2017-07-24,4.4087,-0.016300000000000203
2017-07-25,4.4047,-0.0039999999999995595
2017-07-26,4.3987,-0.006000000000000227
2017-07-27,4.388,-0.010699999999999932
2017-07-28,4.3685,-0.01949999999999985
2017-07-31,4.385,0.016499999999999737
2017-08-01,4.3511,-0.03390000000000004
2017-08-02,4.3491,-0.0019999999999997797
2017-08-03,4.401,0.051899999999999835
2017-08-04,4.401,0.0
2017-08-07,4.397,-0.0039999999999995595
2017-08-08,4.4110000000000005,0.014000000000000234
2017-08-09,4.4136,0.0025999999999992696
2017-08-10,4.415,0.00140000000000029
2017-08-11,4.44,0.025000000000000355
2017-08-14,4.4110000000000005,-0.028999999999999915
2017-08-15,4.46,0.04899999999999949
2017-08-16,4.4110000000000005,-0.04899999999999949
2017-08-17,4.4165,0.005499999999999616
2017-08-18,4.4165,0.0
2017-08-21,4.4235,0.006999999999999673
2017-08-22,4.4235,0.0
2017-08-23,4.441,0.01750000000000007
2017-08-24,4.441,0.0
2017-08-25,4.42,-0.020999999999999908
2017-08-28,4.43,0.009999999999999787
2017-08-29,4.423,-0.006999999999999673
2017-08-30,4.4239999999999995,0.0009999999999994458
2017-08-31,4.4239999999999995,0.0
2017-09-01,4.4375,0.013500000000000512
2017-09-04,4.43,-0.007500000000000284
2017-09-05,4.4147,-0.01529999999999987
2017-09-06,4.4417,0.027000000000000135
2017-09-07,4.4110000000000005,-0.030699999999999505
2017-09-08,4.405,-0.006000000000000227
2017-09-11,4.428,0.022999999999999687
2017-09-12,4.4232,-0.0048000000000003595
2017-09-13,4.4285,0.005300000000000082
2017-09-14,4.419,-0.009500000000000064
2017-09-15,4.421,0.002000000000000668
2017-09-18,4.417,-0.004000000000000448
2017-09-19,4.4337,0.01670000000000016
2017-09-20,4.416,-0.017699999999999605
2017-09-21,4.435,0.01899999999999924
2017-09-22,4.401,-0.03399999999999981
2017-09-25,4.4030000000000005,0.002000000000000668
2017-09-26,4.401,-0.002000000000000668
2017-09-27,4.4,-0.0009999999999994458
2017-09-28,4.4,0.0
2017-09-29,4.395,-0.005000000000000782
2017-10-02,4.407,0.012000000000000455
2017-10-03,4.3964,-0.010600000000000165
2017-10-04,4.4030000000000005,0.006600000000000605
2017-10-05,4.4030000000000005,0.0
2017-10-06,4.381,-0.02200000000000024
2017-10-09,4.409,0.02799999999999958
2017-10-10,4.379,-0.03000000000000025
2017-10-11,4.388,0.009000000000000341
2017-10-12,4.3868,-0.0011999999999998678
2017-10-13,4.3855,-0.0012999999999996348
2017-10-16,4.3938,0.008299999999999308
2017-10-17,4.4030000000000005,0.009200000000000763
2017-10-18,4.4125,0.009499999999999176
2017-10-19,4.4125,0.0
2017-10-20,4.4025,-0.009999999999999787
2017-10-23,4.3685,-0.03399999999999981
2017-10-24,4.4075,0.0389999999999997
2017-10-25,4.377,-0.03049999999999997
2017-10-26,4.405,0.02800000000000047
2017-10-27,4.4075,0.0024999999999995026
2017-10-30,4.4125,0.004999999999999893
2017-10-31,4.4125,0.0
2017-11-01,4.4162,0.0037000000000002586
2017-11-02,4.4175,0.001300000000000523
2017-11-03,4.42,0.0024999999999995026
2017-11-06,4.42,0.0
2017-11-07,4.4085,-0.011499999999999844
2017-11-08,4.4325,0.02400000000000002
2017-11-09,4.4105,-0.02200000000000024
2017-11-10,4.4538,0.04330000000000034
2017-11-13,4.4538,0.0
2017-11-14,4.485,0.031200000000000117
2017-11-15,4.535,0.04999999999999982
2017-11-16,4.565,0.03000000000000025
2017-11-17,4.5725,0.007499999999999396
2017-11-20,4.593,0.020500000000000185
2017-11-21,4.62,0.027000000000000135
2017-11-22,4.6238,0.0038000000000000256
2017-11-23,4.64,0.016199999999999548
2017-11-24,4.63,-0.009999999999999787
2017-11-27,4.64,0.009999999999999787
2017-11-28,4.6277,-0.012299999999999756
2017-11-29,4.63,0.0022999999999999687
2017-11-30,4.545,-0.08499999999999996
2017-12-01,4.485,-0.05999999999999961
2017-12-04,4.453,-0.03200000000000003
2017-12-05,4.461,0.008000000000000007
2017-12-06,4.4607,-0.000300000000000189
2017-12-07,4.4607,0.0
2017-12-08,4.505,0.044299999999999784
2017-12-11,4.505,0.0
2017-12-12,4.4607,-0.044299999999999784
2017-12-13,4.4607,0.0
2017-12-14,4.5293,0.0686
2017-12-15,4.5319,0.0026000000000001577
2017-12-18,4.5343,0.0023999999999997357
2017-12-19,4.5343,0.0
2017-12-20,4.51,-0.02430000000000021
2017-12-21,4.5319,0.021900000000000475
2017-12-22,4.5319,0.0
2017-12-25,4.5319,0.0
2017-12-26,4.5319,0.0
2017-12-27,4.5319,0.0
2017-12-28,4.5369,0.004999999999999893
2017-12-29,4.5378,0.0008999999999996788
2018-01-01,4.5378,0.0
2018-01-02,4.5408,0.0030000000000001137
2018-01-03,4.5419,0.001100000000000101
2018-01-04,4.5469,0.004999999999999893
2018-01-05,4.5469,0.0
2018-01-08,4.5469,0.0
2018-01-09,4.5587,0.011800000000000033
2018-01-10,4.5349,-0.0237999999999996
2018-01-11,4.555,0.02009999999999934
2018-01-12,4.5122,-0.04279999999999973
2018-01-15,4.5225,0.010299999999999976
2018-01-16,4.5375,0.01499999999999968
2018-01-17,4.5475,0.010000000000000675
2018-01-18,4.5525,0.004999999999999893
2018-01-19,4.552,-0.0005000000000006111
2018-01-22,4.552,0.0
2018-01-23,4.539,-0.0129999999999999
2018-01-24,4.5525,0.013500000000000512
2018-01-25,4.55,-0.002500000000000391
2018-01-26,4.5207,-0.029300000000000104
2018-01-29,4.51,-0.010699999999999932
2018-01-30,4.5118,0.0018000000000002458
2018-01-31,4.5025,-0.009299999999999642
2018-02-01,4.51,0.007499999999999396
2018-02-02,4.4915,-0.018499999999999517
2018-02-05,4.4784,-0.013100000000000556
2018-02-06,4.4782,-0.00019999999999953388
2018-02-07,4.4314,-0.046800000000000175
2018-02-08,4.4325,0.001100000000000101
2018-02-09,4.4683,0.035800000000000054
2018-02-12,4.4925,0.024199999999999555
2018-02-13,4.4599,-0.03259999999999952
2018-02-14,4.47,0.010099999999999554
2018-02-15,4.4616,-0.008399999999999963
2018-02-16,4.5275,0.06590000000000007
2018-02-19,4.4625,-0.0649999999999995
2018-02-20,4.4596,-0.0029000000000003467
2018-02-21,4.4556,-0.004000000000000448
2018-02-22,4.4659,0.010300000000000864
2018-02-23,4.485,0.019099999999999895
2018-02-26,4.465,-0.020000000000000462
2018-02-27,4.4825,0.01750000000000007
2018-02-28,4.4825,0.0
2018-03-01,4.462,-0.020500000000000185
2018-03-02,4.465,0.0030000000000001137
2018-03-05,4.453,-0.011999999999999567
2018-03-06,4.45,-0.0030000000000001137
2018-03-07,4.45,0.0
2018-03-08,4.4475,-0.002500000000000391
2018-03-09,4.448,0.0005000000000006111
2018-03-12,4.4325,-0.015500000000000291
2018-03-13,4.4243,-0.00820000000000043
2018-03-14,4.42,-0.0042999999999997485
2018-03-15,4.4175,-0.0024999999999995026
2018-03-16,4.4188,0.0012999999999996348
2018-03-19,4.4576,0.03880000000000017
2018-03-20,4.4157,-0.04190000000000005
2018-03-21,4.4185,0.0027999999999996916
2018-03-22,4.418,-0.0004999999999997229
2018-03-23,4.4112,-0.006800000000000139
2018-03-26,4.4168,0.005600000000000271
2018-03-27,4.4168,0.0
2018-03-28,4.4205,0.0036999999999993705
2018-03-29,4.4205,0.0
2018-03-30,4.4205,0.0
2018-04-02,4.4205,0.0
2018-04-03,4.4218,0.001300000000000523
2018-04-04,4.4268,0.004999999999999893
2018-04-05,4.4525,0.025699999999999612
2018-04-06,4.4525,0.0
2018-04-09,4.4445,-0.008000000000000007
2018-04-10,4.4409,-0.0035999999999996035
2018-04-11,4.44,-0.0008999999999996788
2018-04-12,4.444,0.0039999999999995595
2018-04-13,4.444,0.0
2018-04-16,4.4415,-0.002500000000000391
2018-04-17,4.4467,0.0052000000000003155
2018-04-18,4.4475,0.0007999999999999119
2018-04-19,4.45,0.002500000000000391
2018-04-20,4.445,-0.004999999999999893
2018-04-23,4.45,0.004999999999999893
2018-04-24,4.4512,0.0011999999999998678
2018-04-25,4.452,0.0007999999999999119
2018-04-26,4.4675,0.015500000000000291
2018-04-27,4.4875,0.019999999999999574
2018-04-30,4.5,0.012500000000000178
2018-05-01,4.5,0.0
2018-05-02,4.5125,0.012500000000000178
2018-05-03,4.495,-0.01750000000000007
2018-05-04,4.4975,0.0024999999999995026
2018-05-07,4.505,0.007500000000000284
2018-05-08,4.51,0.004999999999999893
2018-05-09,4.5381,0.028100000000000236
2018-05-10,4.545,0.006899999999999906
2018-05-11,4.5412,-0.0038000000000000256
2018-05-14,4.5405,-0.000700000000000145
2018-05-15,4.5812,0.04070000000000018
2018-05-16,4.6025,0.021300000000000097
2018-05-17,4.6315,0.028999999999999915
2018-05-18,4.625,-0.00649999999999995
2018-05-21,4.6425,0.01750000000000007
2018-05-22,4.65,0.007500000000000284
2018-05-23,4.655,0.004999999999999893
2018-05-24,4.655,0.0
2018-05-25,4.655,0.0
2018-05-28,4.665,0.009999999999999787
2018-05-29,4.6863,0.021300000000000097
2018-05-30,4.695,0.008700000000000152
2018-05-31,4.7273,0.03229999999999933
2018-06-01,4.7416,0.014300000000000423
2018-06-04,4.7025,-0.03910000000000036
2018-06-05,4.75,0.04750000000000032
2018-06-06,4.71,-0.040000000000000036
2018-06-07,4.7054,-0.0045999999999999375
2018-06-08,4.7245,0.019099999999999895
2018-06-11,4.7145,-0.009999999999999787
2018-06-12,4.71,-0.0045000000000001705
2018-06-13,4.705,-0.004999999999999893
2018-06-14,4.725,0.019999999999999574
2018-06-15,4.7058,-0.019199999999999662
2018-06-18,4.7004,-0.005399999999999849
2018-06-19,4.715,0.014599999999999724
2018-06-20,4.74,0.025000000000000355
2018-06-21,4.74,0.0
2018-06-22,4.79,0.04999999999999982
2018-06-25,4.8,0.009999999999999787
2018-06-26,4.785,-0.01499999999999968
2018-06-27,4.7825,-0.002500000000000391
2018-06-28,4.7762,-0.006299999999999528
2018-06-29,4.7893,0.013099999999999667
2018-07-02,4.7825,-0.006800000000000139
2018-07-03,4.8149,0.032399999999999984
2018-07-04,4.8,-0.014899999999999913
2018-07-05,4.7911,-0.008899999999999686
2018-07-06,4.83,0.038899999999999935
2018-07-09,4.8018,-0.028200000000000003
2018-07-10,4.7835,-0.018299999999999983
2018-07-11,4.7637,-0.01980000000000004
2018-07-12,4.7859,0.022199999999999775
2018-07-13,4.805,0.019099999999999895
2018-07-16,4.79,-0.01499999999999968
2018-07-17,4.8025,0.012500000000000178
2018-07-18,4.8,-0.002500000000000391
2018-07-19,4.8,0.0
2018-07-20,4.795,-0.004999999999999893
2018-07-23,4.8078,0.012800000000000367
2018-07-24,4.74,-0.06780000000000008
2018-07-25,4.7416,0.0015999999999998238
2018-07-26,4.7354,-0.006199999999999761
2018-07-27,4.72,-0.015400000000000524
2018-07-30,4.7279,0.00790000000000024
2018-07-31,4.725,-0.0029000000000003467
2018-08-01,4.7993,0.07430000000000003
2018-08-02,4.7317,-0.06759999999999966
2018-08-03,4.7202,-0.011499999999999844
2018-08-06,4.725,0.004799999999999471
2018-08-07,4.787,0.06200000000000028
2018-08-08,4.81,0.022999999999999687
2018-08-09,4.8,-0.009999999999999787
2018-08-10,4.7271,-0.07289999999999974
2018-08-13,4.735,0.00790000000000024
2018-08-14,4.825,0.08999999999999986
2018-08-15,4.865,0.040000000000000036
2018-08-16,4.88,0.01499999999999968
2018-08-17,4.7425,-0.13750000000000018
2018-08-20,4.825,0.08250000000000046
2018-08-21,4.86,0.03500000000000014
2018-08-22,4.7425,-0.1175000000000006
2018-08-23,4.86,0.1175000000000006
2018-08-24,4.7348,-0.12520000000000042
2018-08-27,4.7326,-0.002200000000000202
2018-08-28,4.7325,-9.999999999976694e-05
2018-08-29,4.7375,0.004999999999999893
2018-08-30,4.7325,-0.004999999999999893
2018-08-31,4.7375,0.004999999999999893
2018-09-03,4.7376,9.999999999976694e-05
2018-09-04,4.7365,-0.0010999999999992127
2018-09-05,4.7291,-0.007400000000000517
2018-09-06,4.738,0.008900000000000574
2018-09-07,4.7438,0.005799999999999805
2018-09-10,4.7838,0.040000000000000036
2018-09-11,4.7562,-0.027600000000000513
2018-09-12,4.7651,0.008900000000000574
2018-09-13,4.7637,-0.00140000000000029
2018-09-14,4.7512,-0.012500000000000178
2018-09-17,4.8063,0.05510000000000037
2018-09-18,4.777,-0.029300000000000104
2018-09-19,4.8425,0.06550000000000011
2018-09-20,4.8463,0.0038000000000000256
2018-09-21,4.7462,-0.1001000000000003
2018-09-24,4.94,0.19380000000000042
2018-09-25,4.8473,-0.09270000000000067
2018-09-26,4.7773,-0.0699999999999994
2018-09-27,4.8565,0.07919999999999927
2018-09-28,4.7775,-0.07899999999999974
2018-10-01,4.7776,9.999999999976694e-05
2018-10-02,4.7893,0.011700000000000266
2018-10-03,4.7889,-0.00039999999999995595
2018-10-04,4.96,0.17110000000000003
2018-10-05,4.8723,-0.08769999999999989
2018-10-08,4.7993,-0.0730000000000004
2018-10-09,4.7994,0.00010000000000065512
2018-10-10,4.8014,0.0019999999999997797
2018-10-11,4.8025,0.001100000000000101
2018-10-12,4.92,0.11749999999999972
2018-10-15,4.8449,-0.07509999999999994
2018-10-16,4.8321,-0.012800000000000367
2018-10-17,4.8326,0.0005000000000006111
2018-10-18,4.8322,-0.00039999999999995595
2018-10-19,4.84,0.007799999999999585
2018-10-22,4.845,0.004999999999999893
2018-10-23,4.834,-0.01100000000000012
2018-10-24,4.8269,-0.00709999999999944
2018-10-25,4.855,0.028100000000000236
2018-10-26,4.8382,-0.016800000000000814
2018-10-29,4.8175,-0.02069999999999972
2018-10-30,4.96,0.14250000000000007
2018-10-31,4.8284,-0.13159999999999972
2018-11-01,4.85,0.021599999999999397
2018-11-02,4.8201,-0.029899999999999594
2018-11-05,4.8202,9.999999999976694e-05
2018-11-06,4.8649,0.04469999999999974
2018-11-07,4.8532,-0.011699999999999378
2018-11-08,4.8778,0.02459999999999951
2018-11-09,4.8599,-0.017900000000000027
2018-11-12,4.8125,-0.047399999999999665
2018-11-13,4.8661,0.053600000000000314
2018-11-14,4.9322,0.0660999999999996
2018-11-15,4.8553,-0.07690000000000019
2018-11-16,4.8235,-0.031799999999999606
2018-11-19,4.862,0.03849999999999998
2018-11-20,4.8664,0.004399999999999515
2018-11-21,4.8491,-0.01729999999999965
2018-11-22,4.845,-0.004100000000000215
2018-11-23,4.8513,0.006300000000000416
2018-11-26,4.8906,0.03929999999999989
2018-11-27,4.872,-0.018600000000000172
2018-11-28,4.965,0.09299999999999997
2018-11-29,4.8617,-0.10329999999999995
2018-11-30,4.9036,0.04190000000000005
2018-12-03,4.8951,-0.00849999999999973
2018-12-04,4.8305,-0.06460000000000043
2018-12-05,4.8328,0.0022999999999999687
2018-12-06,4.99,0.15720000000000045
2018-12-07,4.9656,-0.024399999999999977
2018-12-10,4.94,-0.025599999999999845
2018-12-11,4.8369,-0.10310000000000041
2018-12-12,4.9109,0.07399999999999984
2018-12-13,4.98,0.0691000000000006
2018-12-14,4.8918,-0.0882000000000005
2018-12-17,4.8639,-0.027899999999999814
2018-12-18,4.9012,0.03730000000000011
2018-12-19,4.8325,-0.06870000000000065
2018-12-20,4.825,-0.007499999999999396
2018-12-21,4.825,0.0
2018-12-24,4.825,0.0
2018-12-25,4.8761,0.05109999999999992
2018-12-26,4.86,-0.01609999999999978
2018-12-27,4.8982,0.03819999999999979
2018-12-28,4.825,-0.07319999999999993
2018-12-31,4.825,0.0
2019-01-01,4.8761,0.05109999999999992
2019-01-02,4.8566,-0.01949999999999985
2019-01-03,4.8774,0.020799999999999486
2019-01-04,4.9038,0.026400000000000645
2019-01-07,4.9169,0.013099999999999667
2019-01-08,4.8754,-0.04150000000000009
2019-01-09,4.8793,0.0038999999999997925
2019-01-10,4.8525,-0.026799999999999713
2019-01-11,4.904,0.05149999999999988
2019-01-14,4.9036,-0.00039999999999995595
2019-01-15,4.8954,-0.008199999999999541
2019-01-16,4.9105,0.015099999999999447
2019-01-17,4.9025,-0.008000000000000007
2019-01-18,4.915,0.012500000000000178
2019-01-21,4.9112,-0.0038000000000000256
2019-01-22,4.9405,0.029300000000000104
2019-01-23,4.9269,-0.013600000000000279
2019-01-24,4.9841,0.05719999999999992
2019-01-25,4.9935,0.009400000000000297
2019-01-28,5.002,0.00849999999999973
2019-01-29,4.9612,-0.04079999999999995
2019-01-30,4.9641,0.0029000000000003467
2019-01-31,4.965,0.0008999999999996788
2019-02-01,4.9604,-0.0045999999999999375
2019-02-04,4.9763,0.015900000000000247
2019-02-05,4.9551,-0.02120000000000033
2019-02-06,4.9726,0.01750000000000007
2019-02-07,5.1774,0.20479999999999965
2019-02-08,5.14,-0.03739999999999988
2019-02-11,5.105,-0.034999999999999254
2019-02-12,5.26,0.15499999999999936
2019-02-13,5.0051,-0.2549000000000001
2019-02-14,5.1817,0.17660000000000053
2019-02-15,5.005,-0.1767000000000003
2019-02-18,5.0977,0.09269999999999978
2019-02-19,5.0977,0.0
2019-02-20,5.0976,-9.999999999976694e-05
2019-02-21,5.28,0.18240000000000034
2019-02-22,5.295,0.01499999999999968
2019-02-25,5.35,0.054999999999999716
2019-02-26,5.52,0.16999999999999993
2019-02-27,5.4,-0.11999999999999922
2019-02-28,5.5275,0.1274999999999995
2019-03-01,5.525,-0.0024999999999995026
2019-03-04,5.5277,0.0026999999999999247
2019-03-05,5.5102,-0.01750000000000007
2019-03-06,5.52,0.009799999999999365
2019-03-07,5.5502,0.03020000000000067
2019-03-08,5.5,-0.050200000000000244
2019-03-11,5.6375,0.13750000000000018
2019-03-12,5.5225,-0.11500000000000021
2019-03-13,5.575,0.05250000000000021
2019-03-14,5.571000000000001,-0.0039999999999995595
2019-03-15,5.63,0.058999999999999275
2019-03-18,5.375,-0.2549999999999999
2019-03-19,5.3928,0.01780000000000026
2019-03-20,5.2367,-0.15610000000000035
2019-03-21,5.215,-0.021700000000000053
2019-03-22,5.1,-0.11500000000000021
2019-03-25,5.105,0.005000000000000782
2019-03-26,5.075,-0.03000000000000025
2019-03-27,5.215,0.13999999999999968
2019-03-28,5.15,-0.0649999999999995
2019-03-29,5.4831,0.33309999999999995
2019-04-01,5.0942,-0.38890000000000047
2019-04-02,5.3,0.20579999999999998
2019-04-03,5.215,-0.08499999999999996
2019-04-04,5.218,0.0030000000000001137
2019-04-05,5.1283,-0.08969999999999967
2019-04-08,5.1569,0.02859999999999996
2019-04-09,5.2164,0.059499999999999886
2019-04-10,5.1799,-0.0365000000000002
2019-04-11,5.1844,0.0045000000000001705
2019-04-12,5.1911,0.006699999999999484
2019-04-15,5.1445,-0.04659999999999975
2019-04-16,5.172999999999999,0.028499999999999304
2019-04-17,5.19,0.017000000000001236
2019-04-18,5.1248,-0.06520000000000081
2019-04-19,5.125,0.00020000000000042206
2019-04-22,5.1344,0.009400000000000297
2019-04-23,5.1625,0.028099999999999348
2019-04-24,5.1304,-0.032099999999999795
2019-04-25,5.1556,0.02519999999999989
2019-04-26,5.1852,0.029600000000000293
2019-04-29,5.145,-0.04020000000000046
2019-04-30,5.1408,-0.0041999999999999815
2019-05-01,5.1719,0.03110000000000035
2019-05-02,5.1527,-0.019199999999999662
2019-05-03,5.185,0.03229999999999933
2019-05-06,5.13,-0.054999999999999716
2019-05-07,5.14,0.009999999999999787
2019-05-08,5.135,-0.004999999999999893
2019-05-09,5.15,0.015000000000000568
2019-05-10,5.2034,0.05339999999999989
2019-05-13,5.2305,0.027099999999999902
2019-05-14,5.2253,-0.0052000000000003155
2019-05-15,5.157,-0.0682999999999998
2019-05-16,5.2375,0.0804999999999998
2019-05-17,5.22,-0.01750000000000007
2019-05-20,5.2533,0.03330000000000055
2019-05-21,5.2432,-0.010100000000000442
2019-05-22,5.215,-0.028200000000000003
2019-05-23,5.2229,0.00790000000000024
2019-05-24,5.2932,0.07029999999999959
2019-05-27,5.25,-0.04319999999999968
2019-05-28,5.3629999999999995,0.11299999999999955
2019-05-29,5.295,-0.06799999999999962
2019-05-30,5.3878,0.09280000000000044
2019-05-31,5.4294,0.04159999999999986
2019-06-03,5.3426,-0.08680000000000021
2019-06-04,5.3752,0.032600000000000406
2019-06-05,5.3456,-0.029600000000000293
2019-06-06,5.35,0.004399999999999515
2019-06-07,5.36,0.010000000000000675
2019-06-10,5.3686,0.008599999999999497
2019-06-11,5.3925,0.023900000000000254
2019-06-12,5.365,-0.027499999999999858
2019-06-13,5.4145,0.0495000000000001
2019-06-14,5.3852,-0.029300000000000104
2019-06-17,5.3903,0.00509999999999966
2019-06-18,5.435,0.04469999999999974
2019-06-19,5.434,-0.0009999999999994458
2019-06-20,5.3914,-0.04260000000000019
2019-06-21,5.4189,0.027499999999999858
2019-06-24,5.4136,-0.005300000000000082
2019-06-25,5.4626,0.04900000000000038
2019-06-26,5.4675,0.0049000000000001265
2019-06-27,5.44,-0.027499999999999858
2019-06-28,5.43,-0.010000000000000675
2019-07-01,5.4512,0.02120000000000033
2019-07-02,5.4014,-0.04980000000000029
2019-07-03,5.425,0.023600000000000065
2019-07-04,5.395,-0.03000000000000025
2019-07-05,5.41,0.015000000000000568
2019-07-08,5.4161,0.006099999999999994
2019-07-09,5.4126,-0.0034999999999998366
2019-07-10,5.3877,-0.02490000000000059
2019-07-11,5.35,-0.03770000000000007
2019-07-12,5.335,-0.01499999999999968
2019-07-15,5.365,0.03000000000000025
2019-07-16,5.35,-0.015000000000000568
2019-07-17,5.3501,0.00010000000000065512
2019-07-18,5.3416,-0.008500000000000618
2019-07-19,5.3584,0.016799999999999926
2019-07-22,5.39,0.03160000000000007
2019-07-23,5.3788,-0.011199999999999655
2019-07-24,5.405,0.026200000000000223
2019-07-25,5.3152,-0.08980000000000032
2019-07-26,5.37,0.05480000000000018
2019-07-29,5.3751,0.00509999999999966
2019-07-30,5.3975,0.022400000000000198
2019-07-31,5.4,0.002500000000000391
2019-08-01,5.405,0.004999999999999893
2019-08-02,5.4,-0.004999999999999893
2019-08-05,5.3914,-0.008600000000000385
2019-08-06,5.405,0.013600000000000279
2019-08-07,5.4,-0.004999999999999893
2019-08-08,5.41,0.009999999999999787
2019-08-09,5.435,0.024999999999999467
2019-08-12,5.3926,-0.04239999999999977
2019-08-13,5.425,0.032399999999999984
2019-08-14,5.425,0.0
2019-08-15,5.4498,0.024799999999999933
2019-08-16,5.455,0.0052000000000003155
2019-08-19,5.45,-0.004999999999999893
2019-08-20,5.46,0.009999999999999787
2019-08-21,5.4725,0.012500000000000178
2019-08-22,5.45,-0.022499999999999964
2019-08-23,5.455,0.004999999999999893
2019-08-26,5.46,0.004999999999999893
2019-08-27,5.475,0.01499999999999968
2019-08-28,5.475,0.0
2019-08-29,5.475,0.0
2019-08-30,5.475,0.0
2019-09-02,5.475,0.0
2019-09-03,5.4783,0.0033000000000003027
2019-09-04,5.4783,0.0
2019-09-05,5.4848,0.00649999999999995
2019-09-06,5.4848,0.0
2019-09-09,5.48,-0.004799999999999471
2019-09-10,5.48,0.0
2019-09-11,5.445,-0.03500000000000014
2019-09-12,5.4783,0.03329999999999966
2019-09-13,5.434,-0.044299999999999784
2019-09-16,5.49,0.05600000000000005
2019-09-17,5.49,0.0
2019-09-18,5.4865,-0.0034999999999998366
2019-09-19,5.505,0.018499999999999517
2019-09-20,5.5041,-0.0008999999999996788
2019-09-23,5.4714,-0.03270000000000017
2019-09-24,5.4761,0.004699999999999704
2019-09-25,5.475,-0.001100000000000101
2019-09-26,5.445,-0.02999999999999936
2019-09-27,5.49,0.04499999999999993
2019-09-30,5.435,-0.055000000000000604
2019-10-01,5.365,-0.0699999999999994
2019-10-02,5.415,0.04999999999999982
2019-10-03,5.42,0.004999999999999893
2019-10-04,5.4155,-0.0045000000000001705
2019-10-07,5.39,-0.025500000000000078
2019-10-08,5.48,0.09000000000000075
2019-10-09,5.43,-0.05000000000000071
2019-10-10,5.4425,0.012500000000000178
2019-10-11,5.3907,-0.05180000000000007
2019-10-14,5.425,0.0343
2019-10-15,5.4418,0.016799999999999926
2019-10-16,5.4425,0.000700000000000145
2019-10-17,5.4,-0.04249999999999954
2019-10-18,5.47,0.0699999999999994
2019-10-21,5.465,-0.004999999999999893
2019-10-22,5.4375,-0.027499999999999858
2019-10-23,5.485,0.04750000000000032
2019-10-24,5.48,-0.004999999999999893
2019-10-25,5.48,0.0
2019-10-28,5.48,0.0
2019-10-29,5.4925,0.01249999999999929
2019-10-30,5.4725,-0.019999999999999574
2019-10-31,5.445,-0.027499999999999858
2019-11-01,5.4685,0.02349999999999941
2019-11-04,5.515,0.046499999999999986
2019-11-05,5.53,0.015000000000000568
2019-11-06,5.515,-0.015000000000000568
2019-11-07,5.525,0.010000000000000675
2019-11-08,5.495,-0.03000000000000025
2019-11-11,5.485,-0.009999999999999787
2019-11-12,5.4973,0.012299999999999756
2019-11-13,5.4848,-0.012500000000000178
2019-11-14,5.5445,0.05970000000000031
2019-11-15,5.5003,-0.04420000000000002
2019-11-18,5.5352,0.03489999999999949
2019-11-19,5.5292,-0.005999999999999339
2019-11-20,5.5443,0.015099999999999447
2019-11-21,5.59,0.045700000000000074
2019-11-22,5.525,-0.0649999999999995
2019-11-25,5.5441,0.019099999999999895
2019-11-26,5.545,0.0008999999999996788
2019-11-27,5.595,0.04999999999999982
2019-11-28,5.5775,-0.01750000000000007
2019-11-29,5.57,-0.007499999999999396
2019-12-02,5.5967,0.026699999999999946
2019-12-03,5.7,0.10329999999999995
2019-12-04,5.6675,-0.03249999999999975
2019-12-05,5.665,-0.002500000000000391
2019-12-06,5.6737,0.008700000000000152
2019-12-09,5.675,0.0012999999999996348
2019-12-10,5.5522,-0.1227999999999998
2019-12-11,5.7,0.14780000000000015
2019-12-12,5.8191,0.11909999999999954
2019-12-13,5.8231,0.004000000000000448
2019-12-16,5.766,-0.05710000000000015
2019-12-17,5.7596,-0.006400000000000183
2019-12-18,5.7519,-0.007699999999999818
2019-12-19,5.7405,-0.011400000000000077
2019-12-20,5.7119,-0.02859999999999996
2019-12-23,5.7299,0.017999999999999794
2019-12-24,5.68,-0.049900000000000055
2019-12-25,5.68,0.0
2019-12-26,5.723,0.04300000000000015
2019-12-27,5.725,0.0019999999999997797
2019-12-30,5.72,-0.004999999999999893
2019-12-31,5.7,-0.019999999999999574
2020-01-01,5.7,0.0
2020-01-02,5.7125,0.012500000000000178
2020-01-03,5.72,0.007499999999999396
2020-01-06,5.688,-0.03200000000000003
2020-01-07,5.7227,0.03469999999999995
2020-01-08,5.685,-0.03770000000000007
2020-01-09,5.695,0.010000000000000675
2020-01-10,5.662000000000001,-0.032999999999999474
2020-01-13,5.665,0.0029999999999992255
2020-01-14,5.6594,-0.005600000000000271
2020-01-15,5.6798,0.020400000000000418
2020-01-16,5.67,-0.009800000000000253
2020-01-17,5.635,-0.03500000000000014
2020-01-20,5.65,0.015000000000000568
2020-01-21,5.6825,0.03249999999999975
2020-01-22,5.665,-0.01750000000000007
2020-01-23,5.5794,-0.08560000000000034
2020-01-24,5.585,0.005600000000000271
2020-01-27,5.585,0.0
2020-01-28,5.572,-0.0129999999999999
2020-01-29,5.5563,-0.015699999999999825
2020-01-30,5.505,-0.051300000000000345
2020-01-31,5.4863,-0.01869999999999994
2020-02-03,5.4349,-0.05140000000000011
2020-02-04,5.3898,-0.045099999999999696
2020-02-05,5.41,0.020199999999999996
2020-02-06,5.425,0.01499999999999968
2020-02-07,5.4141,-0.010899999999999466
2020-02-10,5.4107,-0.0034000000000000696
2020-02-11,5.407,-0.0037000000000002586
2020-02-12,5.3411,-0.06590000000000007
2020-02-13,5.3309,-0.010200000000000209
2020-02-14,5.3217,-0.009199999999999875
2020-02-17,5.335,0.01330000000000009
2020-02-18,5.3559,0.02090000000000014
2020-02-19,5.3511,-0.0048000000000003595
2020-02-20,5.32,-0.03109999999999946
2020-02-21,5.32,0.0
2020-02-24,5.3317,0.011699999999999378
2020-02-25,5.3739,0.04220000000000024
2020-02-26,5.4399,0.06599999999999984
2020-02-27,5.4051,-0.03479999999999972
2020-02-28,5.4658,0.060699999999999754
2020-03-02,5.4252,-0.040599999999999525
2020-03-03,5.4436,0.01839999999999975
2020-03-04,5.44,-0.0035999999999996035
2020-03-05,5.435,-0.005000000000000782
2020-03-06,5.5193,0.08430000000000071
2020-03-09,5.51,-0.00930000000000053
2020-03-10,5.525,0.015000000000000568
2020-03-11,5.52,-0.005000000000000782
2020-03-12,5.6312,0.11120000000000019
2020-03-13,5.515,-0.11620000000000008
2020-03-16,5.6,0.08499999999999996
2020-03-17,5.59,-0.009999999999999787
2020-03-18,5.6261,0.03610000000000024
2020-03-19,5.6056,-0.020500000000000185
2020-03-20,5.645,0.03939999999999966
2020-03-23,5.655,0.010000000000000675
2020-03-24,5.7214,0.06639999999999979
2020-03-25,5.63,-0.09140000000000015
2020-03-26,5.75,0.1200000000000001
2020-03-27,5.715,-0.03500000000000014
2020-03-30,5.75,0.03500000000000014
2020-03-31,5.765,0.01499999999999968
2020-04-01,5.685,-0.08000000000000007
2020-04-02,5.765,0.08000000000000007
2020-04-03,5.75,-0.01499999999999968
2020-04-06,5.815,0.06500000000000039
2020-04-07,5.855,0.040000000000000036
2020-04-08,5.78,-0.07500000000000018
2020-04-09,5.83,0.04999999999999982
2020-04-10,5.83,0.0
2020-04-13,5.82,-0.009999999999999787
2020-04-14,5.685,-0.13500000000000068
2020-04-15,5.775,0.09000000000000075
2020-04-16,5.76,-0.015000000000000568
2020-04-17,5.6988,-0.06119999999999948
